{"164":{"entry":1915,"term":1910},"160":{"entry":1911,"term":1906},"161":{"entry":1912,"term":1907},"150":{"entry":1901,"term":1896},"162":{"entry":1913,"term":1908},"151":{"entry":1902,"term":1897},"163":{"entry":1914,"term":1909},"152":{"entry":1903,"term":1898},"153":{"entry":1904,"term":1899},"143":{"entry":1894,"term":1889},"154":{"entry":1905,"term":1900},"144":{"entry":1895,"term":1890},"1":{"entry":5,"term":0},"155":{"entry":1906,"term":1901},"145":{"entry":1896,"term":1891},"156":{"entry":1907,"term":1902},"146":{"entry":1897,"term":1892},"157":{"entry":1908,"term":1903},"147":{"entry":1898,"term":1893},"158":{"entry":1909,"term":1904},"148":{"entry":1899,"term":1894},"159":{"entry":1910,"term":1905},"149":{"entry":1900,"term":1895}}